account_name,customer_id
실리콘플러스,3469289
나노브릭,420332
센터큐,1346816
스카이랩,1973823
3skbox,360788
비에스대우글,3337700
시종도어,2920327
HSW,464459
욥,4107446
조인스페이,366371
휴비즈넷,2886931
더마드라이,1454161
시공프로,3290345
포렌식스,2612915
최씨본가,3324981
골드앤,3124325
위드지스 서울숲,2924114
키들,3322328
메디컬티비,467737
가이드맨,1632478
청주오스코,3300114
리틀코리아,207750
부성에이티,3113312
컨텍스쳐,2404793
더피플,1617009
한국카드시스템,1319465
CS H&L 행정사,2694228
속편한철거,4165324
크림미술학원,634844
아틀라시안,1340565
비에스방수,3492381
대성소파,530852
이유즈,2760916
수협보험,3217504
네모조명,2378803
아뜰리에구리,3124482
건우씨엔에스,222411
IDS코리아,1892757
DB INC,2886394
생생어르신복지센터,2697039
헤이즈코리아,1264154
알톤,1229073
더드림핑,1800688
한양패키지,607620
펫츠비통,4180383
해피발스데이,3536711
휴앤고,3076410
굿데이 남북결혼,3370005
판타스틱코인노래방,2310274
머크코리아 1-1,1875332
머크코리아 2-1,3062481
머크코리아 3-1,3259223
한우이츠,3459602
한우이츠 GFA,4005081
일두,2901614
신한라이프케어,3325314
SK텔레콤,607620
